id,rol,nombre,email,hoja_de_vida_texto,anios_experiencia,requisitos_cumplidos,apto,puntaje_referencia,posicion_referencia
rk-fullstack-01,fullstack,Natalia Herrera Torres,natalia.herrera40@email.com,Natalia Herrera Torres. Profesional en desarrollo Full Stack en Pereira. Perfil: 3 años de experiencia en el área. Formación: Tecnología en Desarrollo de Software. Experiencia reciente en una consultora de software: Diseño de APIs REST con Node.js y Express. Dominio de JavaScript moderno (ES6+) y TypeScript en proyectos productivos. Trabajo bajo metodologías ágiles (Scrum y Kanban). Experiencia previa en Accenture: Desarrollo de SPAs con Vue.js y componentes reutilizables. Administración de esquemas en MySQL y migraciones. Participación en revisiones de código y pair programming.,3,JavaScript/TypeScript|React o similar|Node.js o backend equivalente|Bases de datos SQL/NoSQL,1,85.0,7
rk-rrhh-15,rrhh,Laura Ospina Moreno,laura.ospina27@email.com,Laura Ospina Moreno. Profesional de Talento Humano en Pereira. Perfil: 15 años de experiencia en el área. Formación: Especialización en Gestión Humana. Experiencia reciente en Alpina: Estrategias de atracción de talento y headhunting para perfiles directivos. Experiencia previa en una empresa de servicios temporales: Apoyo en programas de capacitación y onboarding. Gestión de evaluaciones de desempeño anuales.,15,Gestión de procesos de selección,0,46.7,
rk-ventas-13,ventas,Sofía Vargas Mejía,sofia.vargas50@email.com,Sofía Vargas Mejía. Profesional del área comercial en Manizales. Perfil: 14 años de experiencia en el área. Formación: Administración de Empresas. Experiencia reciente en Siemens: Prospección telefónica y visitas en campo. Experiencia previa en una distribuidora de alimentos: Atención y fidelización de clientes. No maneja CRM; llevaba los clientes en una libreta.,14,,0,20.0,
rk-ventas-10,ventas,Juliana Martínez Díaz,juliana.martinez87@email.com,Juliana Martínez Díaz. Profesional del área comercial en Manizales. Perfil: 6 años de experiencia en el área. Formación: Tecnología en Gestión Comercial. Experiencia reciente en Seguros Bolívar: Elaboración de cotizaciones y propuestas comerciales. Registro de actividades y pronósticos en Pipedrive. Experiencia previa en una distribuidora de alimentos: Prospección telefónica y visitas en campo. Negociación de contratos anuales con grandes superficies. Venta consultiva de software a medianas empresas con metas comerciales mensuales.,6,Experiencia en ventas B2B/B2C|Manejo de CRM|Negociación,1,90.0,3
rk-ventas-14,ventas,Carlos Ospina Ortiz,carlos.ospina99@email.com,Carlos Ospina Ortiz. Profesional del área comercial en Cartagena. Perfil: 1 año de experiencia en el área. Formación: Negocios Internacionales. Experiencia reciente en Siemens: Atención y fidelización de clientes. Experiencia previa en una distribuidora de alimentos: Prospección telefónica y visitas en campo.,1,,0,1.7,
rk-fullstack-02,fullstack,Luisa Díaz García,luisa.diaz18@email.com,Luisa Díaz García. Profesional en ingeniería de software en Barranquilla. Perfil: 15 años de experiencia en el área. Formación: Ingeniería de Sistemas. Experiencia reciente en Bancolombia: Implementación de microservicios en NestJS desplegados en AWS. Modelado de datos en PostgreSQL y consultas optimizadas. Maquetación de interfaces dinámicas basadas en componentes reutilizables. Experiencia previa en una startup fintech: Dominio de JavaScript moderno (ES6+) y TypeScript en proyectos productivos. Contenedores con Docker y despliegues continuos. Trabajo bajo metodologías ágiles (Scrum y Kanban).,15,JavaScript/TypeScript|React o similar|Node.js o backend equivalente|Bases de datos SQL/NoSQL,1,100.0,1
rk-marketing-05,marketing,Esteban Gómez Torres,esteban.gomez85@email.com,Esteban Gómez Torres. Profesional en mercadeo digital en Pereira. Perfil: 2 años de experiencia en el área. Formación: Diseño Gráfico. Experiencia reciente en una tienda e-commerce: Gestión de campañas SEM en Google Ads con presupuesto mensual de USD 8.000. Gestión de influenciadores y alianzas de marca. Experiencia previa en Avianca: Pauta en Meta Ads y estrategia de social media. Redacción de copies y piezas para email marketing. Tableros de resultados en Looker Studio para la gerencia.,2,SEO/SEM|Gestión de redes sociales|Analítica web (Google Analytics),1,83.3,6
rk-fullstack-07,fullstack,Miguel Ángel Díaz Cárdenas,miguel.diaz15@email.com,Miguel Ángel Díaz Cárdenas. Profesional en desarrollo Full Stack en Bucaramanga. Perfil: 6 años de experiencia en el área. Formación: Ingeniería de Sistemas. Experiencia reciente en Bancolombia: Implementación de microservicios en NestJS desplegados en AWS. Uso de Git y GitHub para control de versiones. Trabajo bajo metodologías ágiles (Scrum y Kanban). Experiencia previa en Accenture: Administración de esquemas en MySQL y migraciones. Construí interfaces con React y Next.js para un portal de clientes. Dominio de JavaScript moderno (ES6+) y TypeScript en proyectos productivos.,6,JavaScript/TypeScript|React o similar|Node.js o backend equivalente|Bases de datos SQL/NoSQL,1,90.0,4
rk-marketing-11,marketing,Sofía Rodríguez García,sofia.rodriguez71@email.com,Sofía Rodríguez García. Profesional en mercadeo digital en Cartagena. Perfil: 1 año de experiencia en el área. Formación: Diseño Gráfico. Experiencia reciente en una marca de cosméticos: Manejo de Canva y Adobe Photoshop. Experiencia previa en Juan Valdez: Inglés intermedio para campañas regionales.,1,,0,1.7,
rk-marketing-09,marketing,Daniela López Rodríguez,daniela.lopez50@email.com,Daniela López Rodríguez. Profesional en marketing digital en Bucaramanga. Perfil: 11 años de experiencia en el área. Formación: Comunicación Social. Experiencia reciente en una marca de cosméticos: Planeación de parrillas de contenido para redes sociales. Estrategias SEO on-page y off-page que duplicaron el tráfico orgánico. Experiencia previa en una tienda e-commerce: Medí el comportamiento de los visitantes del sitio y reporté tasas de conversión. Coordinación con agencias creativas. Redacción de copies y piezas para email marketing.,11,SEO/SEM|Gestión de redes sociales|Analítica web (Google Analytics),1,98.3,3
rk-rrhh-06,rrhh,Ana María Martínez Rojas,ana.martinez64@email.com,Ana María Martínez Rojas. Profesional en gestión humana en Manizales. Perfil: 15 años de experiencia en el área. Formación: Especialización en Gestión Humana. Experiencia reciente en Colsubsidio: Elaboración de la planilla PILA y novedades de nómina. Comunicación asertiva con colaboradores y líderes de área. Experiencia previa en una empresa de servicios temporales: Gestión de evaluaciones de desempeño anuales. Apoyo en programas de capacitación y onboarding.,15,Manejo de nómina|Comunicación interpersonal,1,73.3,8
rk-rrhh-05,rrhh,Juliana Díaz Vargas,juliana.diaz95@email.com,"Juliana Díaz Vargas. Profesional de Talento Humano en Manizales. Perfil: 1 año de experiencia en el área. Formación: Psicología. Experiencia reciente en una caja de compensación: Conocimiento del Código Sustantivo del Trabajo. Manejo de nómina, seguridad social y prestaciones sociales. Experiencia previa en Colsubsidio: Gestión de evaluaciones de desempeño anuales. Estrategias de atracción de talento y headhunting para perfiles directivos. Comunicación asertiva con colaboradores y líderes de área.",1,Gestión de procesos de selección|Manejo de nómina|Comunicación interpersonal,1,81.7,7
rk-ventas-03,ventas,Laura Pardo Martínez,laura.pardo44@email.com,Laura Pardo Martínez. Profesional en ventas en Pereira. Perfil: 11 años de experiencia en el área. Formación: Administración de Empresas. Experiencia reciente en una distribuidora de alimentos: Registro de actividades y pronósticos en Pipedrive. Licencia de conducción y disponibilidad para viajar. Experiencia previa en Siemens: Orientación al logro y trabajo bajo presión. Experiencia como ejecutivo comercial en ventas B2C de servicios financieros.,11,Experiencia en ventas B2B/B2C|Manejo de CRM,1,71.7,6
rk-marketing-07,marketing,Manuela Rojas Quintero,manuela.rojas90@email.com,Manuela Rojas Quintero. Profesional en mercadeo digital en Pereira. Perfil: 9 años de experiencia en el área. Formación: Publicidad. Experiencia reciente en Juan Valdez: Redacción de copies y piezas para email marketing. Planeación de parrillas de contenido para redes sociales. Experiencia previa en una tienda e-commerce: Keyword research y optimización de contenidos para posicionamiento en buscadores. Gestión de influenciadores y alianzas de marca. Medición de conversiones con Google Analytics 4 (GA4) y Tag Manager.,9,SEO/SEM|Gestión de redes sociales|Analítica web (Google Analytics),1,95.0,4
rk-marketing-12,marketing,Miguel Ángel Hernández Vargas,miguel.hernandez78@email.com,Miguel Ángel Hernández Vargas. Profesional en mercadeo digital en Bogotá. Perfil: 2 años de experiencia en el área. Formación: Comunicación Social. Experiencia reciente en Falabella: Coordinación con agencias creativas. Experiencia previa en una tienda e-commerce: Gestión de influenciadores y alianzas de marca. Medición de conversiones con Google Analytics 4 (GA4) y Tag Manager.,2,Analítica web (Google Analytics),0,30.0,
rk-ventas-04,ventas,Daniela Vargas Castro,daniela.vargas34@email.com,Daniela Vargas Castro. Profesional en ventas en Manizales. Perfil: 4 años de experiencia en el área. Formación: Mercadeo y Ventas. Experiencia reciente en un concesionario de vehículos: Negociación de contratos anuales con grandes superficies. Elaboración de cotizaciones y propuestas comerciales. Experiencia previa en Siemens: Prospección telefónica y visitas en campo. Experiencia como ejecutivo comercial en ventas B2C de servicios financieros.,4,Experiencia en ventas B2B/B2C|Negociación,1,60.0,8
rk-marketing-10,marketing,Sebastián Restrepo Jiménez,sebastian.restrepo21@email.com,Sebastián Restrepo Jiménez. Profesional en marketing digital en Cali. Perfil: 11 años de experiencia en el área. Formación: Diseño Gráfico. Experiencia reciente en Falabella: Manejo de Canva y Adobe Photoshop. Medición de conversiones con Google Analytics 4 (GA4) y Tag Manager. Experiencia previa en Avianca: Keyword research y optimización de contenidos para posicionamiento en buscadores. Inglés intermedio para campañas regionales.,11,SEO/SEM|Analítica web (Google Analytics),1,71.7,7
rk-rrhh-13,rrhh,Miguel Ángel Mejía Suárez,miguel.mejia74@email.com,Miguel Ángel Mejía Suárez. Profesional de Talento Humano en Medellín. Perfil: 10 años de experiencia en el área. Formación: Trabajo Social. Experiencia reciente en Colsubsidio: Conocimiento del Código Sustantivo del Trabajo. Experiencia previa en Alpina: Apoyo en programas de capacitación y onboarding. Sin experiencia en reclutamiento; mi experiencia es en archivo documental.,10,,0,16.7,
rk-rrhh-01,rrhh,Mariana Ospina Torres,mariana.ospina2@email.com,Mariana Ospina Torres. Profesional en gestión humana en Medellín. Perfil: 7 años de experiencia en el área. Formación: Trabajo Social. Experiencia reciente en Alpina: Manejo de Excel avanzado y tablas dinámicas. Liquidación de nómina quincenal para 350 empleados. Experiencia previa en una caja de compensación: Escucha activa en procesos de acompañamiento a empleados. Conocimiento del Código Sustantivo del Trabajo. Lideré procesos de selección de personal para cargos operativos y administrativos.,7,Gestión de procesos de selección|Manejo de nómina|Comunicación interpersonal,1,91.7,3
rk-ventas-08,ventas,Carlos Mejía Mejía,carlos.mejia62@email.com,Carlos Mejía Mejía. Profesional en ventas en Medellín. Perfil: 3 años de experiencia en el área. Formación: Negocios Internacionales. Experiencia reciente en un concesionario de vehículos: Atención y fidelización de clientes. Licencia de conducción y disponibilidad para viajar. Experiencia previa en Seguros Bolívar: Ventas B2B a cuentas corporativas con cumplimiento de cuotas de venta del 115%. Gestión de oportunidades y contactos en HubSpot CRM.,3,Experiencia en ventas B2B/B2C|Manejo de CRM,1,58.3,9
rk-rrhh-02,rrhh,Mariana Restrepo Díaz,mariana.restrepo41@email.com,"Mariana Restrepo Díaz. Profesional de Talento Humano en Pereira. Perfil: 11 años de experiencia en el área. Formación: Administración de Empresas. Experiencia reciente en Alpina: Organización de jornadas de bienestar laboral. Manejo de nómina, seguridad social y prestaciones sociales. Experiencia previa en una caja de compensación: Filtré hojas de vida y apliqué pruebas psicotécnicas a aspirantes. Manejo de Excel avanzado y tablas dinámicas. Escucha activa en procesos de acompañamiento a empleados.",11,Gestión de procesos de selección|Manejo de nómina|Comunicación interpersonal,1,98.3,2
rk-rrhh-12,rrhh,Valentina Torres Castro,valentina.torres79@email.com,Valentina Torres Castro. Profesional en gestión humana en Bucaramanga. Perfil: 5 años de experiencia en el área. Formación: Especialización en Gestión Humana. Experiencia reciente en Colsubsidio: Conocimiento del Código Sustantivo del Trabajo. Experiencia previa en Grupo Éxito: Organización de jornadas de bienestar laboral.,5,,0,8.3,
rk-ventas-12,ventas,Catalina Martínez Salazar,catalina.martinez54@email.com,Catalina Martínez Salazar. Profesional del área comercial en Medellín. Perfil: 1 año de experiencia en el área. Formación: Administración de Empresas. Experiencia reciente en Postobón: Licencia de conducción y disponibilidad para viajar. Experiencia previa en un concesionario de vehículos: Prospección telefónica y visitas en campo.,1,,0,1.7,
rk-marketing-04,marketing,Mateo Mejía Vargas,mateo.mejia25@email.com,Mateo Mejía Vargas. Profesional en marketing digital en Bucaramanga. Perfil: 1 año de experiencia en el área. Formación: Comunicación Social. Experiencia reciente en Juan Valdez: Coordinación con agencias creativas. Gestión de influenciadores y alianzas de marca. Experiencia previa en Avianca: Community manager de marcas de consumo masivo en Instagram y TikTok. Analítica web y reportes de embudo de conversión.,1,Gestión de redes sociales|Analítica web (Google Analytics),1,55.0,10
rk-fullstack-06,fullstack,Carlos Ospina Torres,carlos.ospina89@email.com,Carlos Ospina Torres. Profesional en desarrollo Full Stack en Bogotá. Perfil: 4 años de experiencia en el área. Formación: Tecnología en Desarrollo de Software. Experiencia reciente en una startup fintech: Participación en revisiones de código y pair programming. Contenedores con Docker y despliegues continuos. Construí interfaces con React y Next.js para un portal de clientes. Experiencia previa en una consultora de software: Desarrollo de módulos en TypeScript con pruebas unitarias en Jest. Construcción de los servicios del lado del servidor que exponen la lógica de negocio. Uso de MongoDB y Redis para cachés y documentos.,4,JavaScript/TypeScript|React o similar|Node.js o backend equivalente|Bases de datos SQL/NoSQL,1,86.7,5
rk-fullstack-11,fullstack,Natalia Martínez Ospina,natalia.martinez73@email.com,Natalia Martínez Ospina. Profesional en ingeniería de software en Cali. Perfil: 1 año de experiencia en el área. Formación: Ingeniería de Sistemas. Experiencia reciente en Bancolombia: Inglés intermedio (B2) para lectura de documentación técnica. Contenedores con Docker y despliegues continuos. Experiencia previa en Accenture: Uso de MongoDB y Redis para cachés y documentos. Desarrollo de SPAs con Vue.js y componentes reutilizables.,1,React o similar|Bases de datos SQL/NoSQL,0,41.7,
rk-marketing-02,marketing,Valentina Restrepo Vargas,valentina.restrepo28@email.com,Valentina Restrepo Vargas. Profesional en mercadeo digital en Cali. Perfil: 15 años de experiencia en el área. Formación: Diseño Gráfico. Experiencia reciente en una agencia digital: Medición de conversiones con Google Analytics 4 (GA4) y Tag Manager. Inglés intermedio para campañas regionales. Experiencia previa en Avianca: Community manager de marcas de consumo masivo en Instagram y TikTok. Gestión de campañas SEM en Google Ads con presupuesto mensual de USD 8.000. Gestión de influenciadores y alianzas de marca.,15,SEO/SEM|Gestión de redes sociales|Analítica web (Google Analytics),1,100.0,1
rk-fullstack-14,fullstack,Julián Castro López,julian.castro2@email.com,Julián Castro López. Profesional en desarrollo Full Stack en Bucaramanga. Perfil: 12 años de experiencia en el área. Formación: Ingeniería de Sistemas. Experiencia reciente en Globant: Sin experiencia en bases de datos más allá de hojas de cálculo. Experiencia previa en Bancolombia: Contenedores con Docker y despliegues continuos. Trabajo bajo metodologías ágiles (Scrum y Kanban).,12,,0,20.0,
rk-fullstack-03,fullstack,Juliana Salazar Gómez,juliana.salazar93@email.com,Juliana Salazar Gómez. Profesional en desarrollo Full Stack en Bogotá. Perfil: 15 años de experiencia en el área. Formación: Tecnología en Desarrollo de Software. Experiencia reciente en una startup fintech: Escribo el código del lado del cliente con tipado estático y pruebas automatizadas. Inglés intermedio (B2) para lectura de documentación técnica. Experiencia previa en Bancolombia: Diseño de APIs REST con Node.js y Express. Modelado de datos en PostgreSQL y consultas optimizadas. Contenedores con Docker y despliegues continuos.,15,JavaScript/TypeScript|Node.js o backend equivalente|Bases de datos SQL/NoSQL,1,80.0,10
rk-rrhh-10,rrhh,Samuel Mejía Jiménez,samuel.mejia79@email.com,Samuel Mejía Jiménez. Profesional en gestión humana en Cali. Perfil: 7 años de experiencia en el área. Formación: Administración de Empresas. Experiencia reciente en Alpina: Manejo de Excel avanzado y tablas dinámicas. Comunicación asertiva con colaboradores y líderes de área. Experiencia previa en Colsubsidio: Lideré procesos de selección de personal para cargos operativos y administrativos. Apoyo en programas de capacitación y onboarding. Liquidación de nómina quincenal para 350 empleados.,7,Gestión de procesos de selección|Manejo de nómina|Comunicación interpersonal,1,91.7,4
rk-ventas-02,ventas,Valentina Moreno Ortiz,valentina.moreno18@email.com,Valentina Moreno Ortiz. Profesional del área comercial en Cali. Perfil: 13 años de experiencia en el área. Formación: Administración de Empresas. Experiencia reciente en Seguros Bolívar: Gestión de oportunidades y contactos en HubSpot CRM. Elaboración de cotizaciones y propuestas comerciales. Experiencia previa en una distribuidora de alimentos: Ventas B2B a cuentas corporativas con cumplimiento de cuotas de venta del 115%. Negociación de contratos anuales con grandes superficies. Licencia de conducción y disponibilidad para viajar.,13,Experiencia en ventas B2B/B2C|Manejo de CRM|Negociación,1,100.0,1
rk-fullstack-09,fullstack,Santiago Jiménez Ortiz,santiago.jimenez37@email.com,Santiago Jiménez Ortiz. Profesional en desarrollo Full Stack en Barranquilla. Perfil: 3 años de experiencia en el área. Formación: Tecnología en Desarrollo de Software. Experiencia reciente en Globant: Programo a diario en JavaScript y TypeScript con buenas prácticas de tipado. Participación en revisiones de código y pair programming. Construí interfaces con React y Next.js para un portal de clientes. Experiencia previa en una consultora de software: Trabajo bajo metodologías ágiles (Scrum y Kanban). Administración de esquemas en MySQL y migraciones. Implementación de microservicios en NestJS desplegados en AWS.,3,JavaScript/TypeScript|React o similar|Node.js o backend equivalente|Bases de datos SQL/NoSQL,1,85.0,8
rk-fullstack-12,fullstack,Andrés Moreno Vargas,andres.moreno79@email.com,Andrés Moreno Vargas. Profesional en desarrollo Full Stack en Pereira. Perfil: 10 años de experiencia en el área. Formación: Ingeniería de Software. Experiencia reciente en Globant: Trabajo bajo metodologías ágiles (Scrum y Kanban). Experiencia previa en Bancolombia: Contenedores con Docker y despliegues continuos.,10,,0,16.7,
rk-rrhh-14,rrhh,Gabriela Ospina Díaz,gabriela.ospina59@email.com,Gabriela Ospina Díaz. Profesional de Talento Humano en Pereira. Perfil: 15 años de experiencia en el área. Formación: Especialización en Gestión Humana. Experiencia reciente en Alpina: Organización de jornadas de bienestar laboral. Experiencia previa en Colsubsidio: Conocimiento del Código Sustantivo del Trabajo.,15,,0,20.0,
rk-ventas-01,ventas,Catalina Torres Herrera,catalina.torres96@email.com,Catalina Torres Herrera. Profesional del área comercial en Bucaramanga. Perfil: 14 años de experiencia en el área. Formación: Mercadeo y Ventas. Experiencia reciente en un concesionario de vehículos: Registro de actividades y pronósticos en Pipedrive. Orientación al logro y trabajo bajo presión. Experiencia previa en Seguros Bolívar: Atención y fidelización de clientes. Experiencia como ejecutivo comercial en ventas B2C de servicios financieros.,14,Experiencia en ventas B2B/B2C|Manejo de CRM,1,73.3,5
rk-rrhh-09,rrhh,Ana María García Rodríguez,ana.garcia95@email.com,Ana María García Rodríguez. Profesional de Talento Humano en Barranquilla. Perfil: 3 años de experiencia en el área. Formación: Administración de Empresas. Experiencia reciente en una empresa de servicios temporales: Organización de jornadas de bienestar laboral. Estrategias de atracción de talento y headhunting para perfiles directivos. Experiencia previa en Grupo Éxito: Manejo de Excel avanzado y tablas dinámicas. Elaboración de la planilla PILA y novedades de nómina.,3,Gestión de procesos de selección|Manejo de nómina,1,58.3,9
rk-marketing-08,marketing,Juan David López Moreno,juan.lopez5@email.com,Juan David López Moreno. Profesional en marketing digital en Barranquilla. Perfil: 11 años de experiencia en el área. Formación: Mercadeo. Experiencia reciente en Juan Valdez: Redacción de copies y piezas para email marketing. Logré que el sitio apareciera en los primeros resultados de búsqueda para términos clave. Experiencia previa en una marca de cosméticos: Community manager de marcas de consumo masivo en Instagram y TikTok. Manejo de Canva y Adobe Photoshop. Analítica web y reportes de embudo de conversión.,11,SEO/SEM|Gestión de redes sociales|Analítica web (Google Analytics),1,98.3,2
rk-fullstack-13,fullstack,Andrés Mejía Hernández,andres.mejia88@email.com,Andrés Mejía Hernández. Profesional en desarrollo Full Stack en Pereira. Perfil: 3 años de experiencia en el área. Formación: Ingeniería de Sistemas. Experiencia reciente en Bancolombia: Inglés intermedio (B2) para lectura de documentación técnica. Experiencia previa en Accenture: Trabajo bajo metodologías ágiles (Scrum y Kanban).,3,,0,5.0,
rk-ventas-15,ventas,Paula Castro García,paula.castro58@email.com,Paula Castro García. Profesional en ventas en Medellín. Perfil: 12 años de experiencia en el área. Formación: Mercadeo y Ventas. Experiencia reciente en Claro: Elaboración de cotizaciones y propuestas comerciales. Experiencia previa en Seguros Bolívar: Orientación al logro y trabajo bajo presión. Habilidades de negociación de precios y condiciones comerciales.,12,Negociación,0,46.7,
rk-ventas-07,ventas,Sofía Jiménez Martínez,sofia.jimenez60@email.com,Sofía Jiménez Martínez. Profesional en ventas en Pereira. Perfil: 15 años de experiencia en el área. Formación: Tecnología en Gestión Comercial. Experiencia reciente en un concesionario de vehículos: Habilidades de negociación de precios y condiciones comerciales. Gestión de oportunidades y contactos en HubSpot CRM. Experiencia previa en Postobón: Orientación al logro y trabajo bajo presión. Licencia de conducción y disponibilidad para viajar. Ventas B2B a cuentas corporativas con cumplimiento de cuotas de venta del 115%.,15,Experiencia en ventas B2B/B2C|Manejo de CRM|Negociación,1,100.0,2
rk-fullstack-08,fullstack,Natalia Ospina Rojas,natalia.ospina92@email.com,Natalia Ospina Rojas. Profesional en desarrollo Full Stack en Pereira. Perfil: 12 años de experiencia en el área. Formación: Ingeniería de Software. Experiencia reciente en Rappi: Construí interfaces con React y Next.js para un portal de clientes. Dominio de JavaScript moderno (ES6+) y TypeScript en proyectos productivos. Diseño de APIs REST con Node.js y Express. Experiencia previa en una startup fintech: Uso de MongoDB y Redis para cachés y documentos. Inglés intermedio (B2) para lectura de documentación técnica. Participación en revisiones de código y pair programming.,12,JavaScript/TypeScript|React o similar|Node.js o backend equivalente|Bases de datos SQL/NoSQL,1,100.0,2
rk-ventas-09,ventas,Manuela López Martínez,manuela.lopez94@email.com,Manuela López Martínez. Profesional en ventas en Barranquilla. Perfil: 2 años de experiencia en el área. Formación: Tecnología en Gestión Comercial. Experiencia reciente en Siemens: Prospección telefónica y visitas en campo. Cierre de negocios y manejo de objeciones con clientes clave. Experiencia previa en un concesionario de vehículos: Atención y fidelización de clientes. Registro de actividades y pronósticos en Pipedrive.,2,Manejo de CRM|Negociación,1,56.7,10
rk-rrhh-03,rrhh,Alejandro Jiménez Ramírez,alejandro.jimenez78@email.com,Alejandro Jiménez Ramírez. Profesional de Talento Humano en Medellín. Perfil: 6 años de experiencia en el área. Formación: Administración de Empresas. Experiencia reciente en una clínica privada: Lideré procesos de selección de personal para cargos operativos y administrativos. Manejo de Excel avanzado y tablas dinámicas. Experiencia previa en Colsubsidio: Apoyo en programas de capacitación y onboarding. Elaboración de la planilla PILA y novedades de nómina. Escucha activa en procesos de acompañamiento a empleados.,6,Gestión de procesos de selección|Manejo de nómina|Comunicación interpersonal,1,90.0,5
rk-marketing-13,marketing,Gabriela Martínez Suárez,gabriela.martinez33@email.com,Gabriela Martínez Suárez. Profesional en marketing digital en Cali. Perfil: 1 año de experiencia en el área. Formación: Mercadeo. Experiencia reciente en una agencia digital: Redacción de copies y piezas para email marketing. Experiencia previa en Falabella: Inglés intermedio para campañas regionales.,1,,0,1.7,
rk-marketing-14,marketing,Mariana Ospina Cárdenas,mariana.ospina85@email.com,Mariana Ospina Cárdenas. Profesional en marketing digital en Medellín. Perfil: 15 años de experiencia en el área. Formación: Publicidad. Experiencia reciente en una tienda e-commerce: Manejo de Canva y Adobe Photoshop. Experiencia previa en Falabella: Redacción de copies y piezas para email marketing. Planeación de parrillas de contenido para redes sociales.,15,Gestión de redes sociales,0,46.7,
rk-fullstack-04,fullstack,Nicolás Gómez Gómez,nicolas.gomez68@email.com,Nicolás Gómez Gómez. Profesional en ingeniería de software en Barranquilla. Perfil: 1 año de experiencia en el área. Formación: Ingeniería de Software. Experiencia reciente en Rappi: Implementación de microservicios en NestJS desplegados en AWS. Administración de esquemas en MySQL y migraciones. Participación en revisiones de código y pair programming. Experiencia previa en una consultora de software: Construí interfaces con React y Next.js para un portal de clientes. Dominio de JavaScript moderno (ES6+) y TypeScript en proyectos productivos. Contenedores con Docker y despliegues continuos.,1,JavaScript/TypeScript|React o similar|Node.js o backend equivalente|Bases de datos SQL/NoSQL,1,81.7,9
rk-marketing-06,marketing,Gabriela Suárez Pardo,gabriela.suarez88@email.com,Gabriela Suárez Pardo. Profesional en marketing digital en Manizales. Perfil: 5 años de experiencia en el área. Formación: Mercadeo. Experiencia reciente en Avianca: Pauta en Meta Ads y estrategia de social media. Medí el comportamiento de los visitantes del sitio y reporté tasas de conversión. Experiencia previa en Falabella: Redacción de copies y piezas para email marketing. Coordinación con agencias creativas. Estrategias SEO on-page y off-page que duplicaron el tráfico orgánico.,5,SEO/SEM|Gestión de redes sociales|Analítica web (Google Analytics),1,88.3,5
rk-marketing-01,marketing,Mariana Jiménez Torres,mariana.jimenez16@email.com,Mariana Jiménez Torres. Profesional en mercadeo digital en Barranquilla. Perfil: 4 años de experiencia en el área. Formación: Mercadeo. Experiencia reciente en Juan Valdez: Medición de conversiones con Google Analytics 4 (GA4) y Tag Manager. Gestión de influenciadores y alianzas de marca. Experiencia previa en una tienda e-commerce: Community manager de marcas de consumo masivo en Instagram y TikTok. Inglés intermedio para campañas regionales.,4,Gestión de redes sociales|Analítica web (Google Analytics),1,60.0,8
rk-ventas-05,ventas,Catalina Rojas Suárez,catalina.rojas76@email.com,Catalina Rojas Suárez. Profesional en ventas en Barranquilla. Perfil: 7 años de experiencia en el área. Formación: Administración de Empresas. Experiencia reciente en un concesionario de vehículos: Elaboración de cotizaciones y propuestas comerciales. Experiencia como ejecutivo comercial en ventas B2C de servicios financieros. Experiencia previa en Seguros Bolívar: Orientación al logro y trabajo bajo presión. Negociación de contratos anuales con grandes superficies.,7,Experiencia en ventas B2B/B2C|Negociación,1,65.0,7
rk-ventas-06,ventas,Paula Suárez Jiménez,paula.suarez9@email.com,Paula Suárez Jiménez. Profesional en ventas en Bucaramanga. Perfil: 5 años de experiencia en el área. Formación: Administración de Empresas. Experiencia reciente en Postobón: Negociación de contratos anuales con grandes superficies. Orientación al logro y trabajo bajo presión. Experiencia previa en una distribuidora de alimentos: Ventas B2B a cuentas corporativas con cumplimiento de cuotas de venta del 115%. Seguimiento del embudo comercial en Salesforce. Elaboración de cotizaciones y propuestas comerciales.,5,Experiencia en ventas B2B/B2C|Manejo de CRM|Negociación,1,88.3,4
rk-rrhh-04,rrhh,Santiago Jiménez Rodríguez,santiago.jimenez67@email.com,"Santiago Jiménez Rodríguez. Profesional de Talento Humano en Manizales. Perfil: 13 años de experiencia en el área. Formación: Psicología. Experiencia reciente en Colsubsidio: Fuertes relaciones interpersonales y manejo de conflictos. Reclutamiento y entrevistas por competencias para más de 200 vacantes al año. Experiencia previa en una clínica privada: Apoyo en programas de capacitación y onboarding. Manejo de nómina, seguridad social y prestaciones sociales. Manejo de Excel avanzado y tablas dinámicas.",13,Gestión de procesos de selección|Manejo de nómina|Comunicación interpersonal,1,100.0,1
rk-marketing-15,marketing,Isabella Rojas Suárez,isabella.rojas48@email.com,Isabella Rojas Suárez. Profesional en mercadeo digital en Cali. Perfil: 9 años de experiencia en el área. Formación: Comunicación Social. Experiencia reciente en Juan Valdez: Manejo de Canva y Adobe Photoshop. Experiencia previa en Avianca: Gestión de influenciadores y alianzas de marca. Community manager de marcas de consumo masivo en Instagram y TikTok.,9,Gestión de redes sociales,0,41.7,
rk-rrhh-11,rrhh,Luisa García Ramírez,luisa.garcia8@email.com,Luisa García Ramírez. Profesional en gestión humana en Barranquilla. Perfil: 8 años de experiencia en el área. Formación: Administración de Empresas. Experiencia reciente en una empresa de servicios temporales: Gestión de evaluaciones de desempeño anuales. Experiencia previa en una clínica privada: Organización de jornadas de bienestar laboral.,8,,0,13.3,
rk-ventas-11,ventas,Valentina Herrera Moreno,valentina.herrera45@email.com,Valentina Herrera Moreno. Profesional en ventas en Cali. Perfil: 2 años de experiencia en el área. Formación: Administración de Empresas. Experiencia reciente en un concesionario de vehículos: Atención y fidelización de clientes. Experiencia previa en Seguros Bolívar: Licencia de conducción y disponibilidad para viajar.,2,,0,3.3,
rk-fullstack-10,fullstack,Ana María Quintero Ospina,ana.quintero5@email.com,Ana María Quintero Ospina. Profesional en ingeniería de software en Manizales. Perfil: 4 años de experiencia en el área. Formación: Ingeniería de Software. Experiencia reciente en Bancolombia: Inglés intermedio (B2) para lectura de documentación técnica. Construí interfaces con React y Next.js para un portal de clientes. Uso de Git y GitHub para control de versiones. Experiencia previa en Globant: Desarrollo de servicios en Python con FastAPI y Django. Dominio de JavaScript moderno (ES6+) y TypeScript en proyectos productivos. Uso de MongoDB y Redis para cachés y documentos.,4,JavaScript/TypeScript|React o similar|Node.js o backend equivalente|Bases de datos SQL/NoSQL,1,86.7,6
rk-fullstack-15,fullstack,Laura Ospina Mejía,laura.ospina49@email.com,Laura Ospina Mejía. Profesional en desarrollo Full Stack en Bogotá. Perfil: 3 años de experiencia en el área. Formación: Ingeniería de Software. Experiencia reciente en Globant: Uso de Git y GitHub para control de versiones. Participación en revisiones de código y pair programming. Experiencia previa en una startup fintech: Sin conocimientos de React por el momento. Modelado de datos en PostgreSQL y consultas optimizadas.,3,Bases de datos SQL/NoSQL,0,25.0,
rk-marketing-03,marketing,Isabella Cárdenas Vargas,isabella.cardenas16@email.com,Isabella Cárdenas Vargas. Profesional en mercadeo digital en Cartagena. Perfil: 1 año de experiencia en el área. Formación: Comunicación Social. Experiencia reciente en una marca de cosméticos: Gestión de influenciadores y alianzas de marca. Estrategias SEO on-page y off-page que duplicaron el tráfico orgánico. Experiencia previa en una agencia digital: Tableros de resultados en Looker Studio para la gerencia. Coordinación con agencias creativas.,1,SEO/SEM|Analítica web (Google Analytics),1,55.0,9
rk-rrhh-08,rrhh,Juliana Moreno Mejía,juliana.moreno24@email.com,Juliana Moreno Mejía. Profesional en gestión humana en Manizales. Perfil: 2 años de experiencia en el área. Formación: Especialización en Gestión Humana. Experiencia reciente en una empresa de servicios temporales: Liquidación de nómina quincenal para 350 empleados. Apoyo en programas de capacitación y onboarding. Experiencia previa en Alpina: Gestión de evaluaciones de desempeño anuales. Comunicación asertiva con colaboradores y líderes de área.,2,Manejo de nómina|Comunicación interpersonal,1,56.7,10
rk-rrhh-07,rrhh,Daniela Salazar Rodríguez,daniela.salazar58@email.com,Daniela Salazar Rodríguez. Profesional en gestión humana en Medellín. Perfil: 4 años de experiencia en el área. Formación: Psicología. Experiencia reciente en una empresa de servicios temporales: Manejo de Excel avanzado y tablas dinámicas. Estrategias de atracción de talento y headhunting para perfiles directivos. Experiencia previa en Grupo Éxito: Fuertes relaciones interpersonales y manejo de conflictos. Liquidación de nómina quincenal para 350 empleados. Apoyo en programas de capacitación y onboarding.,4,Gestión de procesos de selección|Manejo de nómina|Comunicación interpersonal,1,86.7,6
rk-fullstack-05,fullstack,Julián Hernández Herrera,julian.hernandez67@email.com,Julián Hernández Herrera. Profesional en desarrollo Full Stack en Medellín. Perfil: 10 años de experiencia en el área. Formación: Tecnología en Desarrollo de Software. Experiencia reciente en una consultora de software: Contenedores con Docker y despliegues continuos. Participación en revisiones de código y pair programming. Diseño de APIs REST con Node.js y Express. Experiencia previa en Rappi: Escribo el código del lado del cliente con tipado estático y pruebas automatizadas. Construí interfaces con React y Next.js para un portal de clientes. Modelado de datos en PostgreSQL y consultas optimizadas.,10,JavaScript/TypeScript|React o similar|Node.js o backend equivalente|Bases de datos SQL/NoSQL,1,96.7,3
